{
    "key": "baseline",
    "majority_full_name-1b": {
        "size": 1.0,
        "paraphrased": {
            "accuracy": 0.11210526315789474,
            "precision": 0.644883742139894,
            "last_name_accuracy": 0.010526315789473684,
            "last_name_precision": 1.09,
            "weighted_score": 0.046078947368421046
        }
    },
    "random_full_name-1b": {
        "size": 1.0,
        "paraphrased": {
            "accuracy": 0.035894736842105264,
            "precision": 0.7522699267698674,
            "last_name_accuracy": 0.0046315789473684215,
            "last_name_precision": 1.0681818181818181,
            "weighted_score": 0.015573684210526316
        }
    }
}