{
    "key": "baseline-2",
    "majority_full_name-1b": {
        "size": 1.0,
        "paraphrased": {
            "accuracy": 0.11210526315789474,
            "precision": 0.644883742139894,
            "last_name_accuracy": 0.010526315789473684,
            "last_name_precision": 1.09,
            "weighted_score": 0.046078947368421046
        },
        "original": {
            "accuracy": 0.10888598168461307,
            "precision": 0.6441495619496528,
            "last_name_accuracy": 0.010164033410486063,
            "last_name_precision": 1.0891089108910892,
            "weighted_score": 0.04471671530643051
        }
    },
    "random_full_name-1b": {
        "size": 1.0,
        "paraphrased": {
            "accuracy": 0.033473684210526315,
            "precision": 0.7493048478593424,
            "last_name_accuracy": 0.004947368421052632,
            "last_name_precision": 1.0851063829787233,
            "weighted_score": 0.01493157894736842
        },
        "original": {
            "accuracy": 0.03401429002717118,
            "precision": 0.7260313221177617,
            "last_name_accuracy": 0.0046291637315085035,
            "last_name_precision": 1.0434782608695652,
            "weighted_score": 0.01491395793499044
        }
    }
}