{
    "key": "collection-top-performers",
    "bloom-7b1": {
        "size": 7.1,
        "paraphrased": {
            "accuracy": 0.20705263157894738,
            "precision": 0.5724221344284783,
            "last_name_accuracy": 0.15357894736842106,
            "last_name_precision": 1.0644276901987664,
            "weighted_score": 0.17229473684210528
        },
        "original": {
            "accuracy": 0.19180839287511323,
            "precision": 0.5796548271076108,
            "last_name_accuracy": 0.14008251987521383,
            "last_name_precision": 1.0646551724137931,
            "weighted_score": 0.1581865754251786
        }
    },
    "flan_t5-11b": {
        "size": 11.0,
        "paraphrased": {
            "accuracy": 0.3698947368421053,
            "precision": 0.4489478318499374,
            "last_name_accuracy": 0.26631578947368423,
            "last_name_precision": 1.0023715415019763,
            "weighted_score": 0.3025684210526316
        },
        "original": {
            "accuracy": 0.3962966690147932,
            "precision": 0.4426630280812964,
            "last_name_accuracy": 0.2918385830733622,
            "last_name_precision": 1.0017241379310344,
            "weighted_score": 0.32839891315286307
        }
    },
    "t0-11b": {
        "size": 11.0,
        "paraphrased": {
            "accuracy": 0.344,
            "precision": 0.44952512590986904,
            "last_name_accuracy": 0.24105263157894738,
            "last_name_precision": 1.003930131004367,
            "weighted_score": 0.2770842105263158
        },
        "original": {
            "accuracy": 0.364496326859213,
            "precision": 0.44344139048795184,
            "last_name_accuracy": 0.26044077689443496,
            "last_name_precision": 1.0038639876352395,
            "weighted_score": 0.29686021938210727
        }
    },
    "mt0-13b": {
        "size": 13.0,
        "paraphrased": {
            "accuracy": 0.37473684210526315,
            "precision": 0.42299737600393356,
            "last_name_accuracy": 0.27242105263157895,
            "last_name_precision": 1.0038639876352395,
            "weighted_score": 0.3082315789473684
        },
        "original": {
            "accuracy": 0.42215960551474285,
            "precision": 0.40044362208812495,
            "last_name_accuracy": 0.308946362081111,
            "last_name_precision": 1.0019543973941367,
            "weighted_score": 0.3485709972828821
        }
    },
    "incite_instruct-3b": {
        "size": 3.0,
        "paraphrased": {
            "accuracy": 0.36557894736842106,
            "precision": 0.5302171931280331,
            "last_name_accuracy": 0.25705263157894737,
            "last_name_precision": 1.00982800982801,
            "weighted_score": 0.29503684210526315
        },
        "original": {
            "accuracy": 0.37486162825802555,
            "precision": 0.7294222577868175,
            "last_name_accuracy": 0.2705041763107578,
            "last_name_precision": 1.2276785714285714,
            "weighted_score": 0.3070292844923015
        }
    }
}