{
    "key": "input-size-comparison",
    "incite_instruct_2000-3b": {
        "size": 3.0,
        "paraphrased": {
            "accuracy": 0.43587637334428586,
            "precision": 0.5139203525580128
        },
        "original": {
            "accuracy": 0.4635395741261551,
            "precision": 0.5591864456994938
        }
    },
    "flan_t5_2000-11b": {
        "size": 11.0,
        "paraphrased": {
            "accuracy": 0.4826984289968169,
            "precision": 0.41992942064073996
        },
        "original": {
            "accuracy": 0.49989955805544395,
            "precision": 0.4167030913224789
        }
    },
    "bloomz_2000-7b1": {
        "size": 7.1,
        "paraphrased": {
            "accuracy": 0.4560016428791457,
            "precision": 0.42477391252351415
        },
        "original": {
            "accuracy": 0.47750100441944554,
            "precision": 0.41519442583485333
        }
    },
    "flan_t5_1000-11b": {
        "size": 11.0,
        "paraphrased": {
            "accuracy": 0.3754736842105263,
            "precision": 0.4363001414080832
        },
        "original": {
            "accuracy": 0.40203280668209723,
            "precision": 0.42601940167565644
        }
    },
    "incite_instruct_1000-3b": {
        "size": 3.0,
        "paraphrased": {
            "accuracy": 0.3737894736842105,
            "precision": 0.5107898796490057
        },
        "original": {
            "accuracy": 0.38261044580859416,
            "precision": 0.5443986848214531
        }
    },
    "bloomz_1000-7b1": {
        "size": 7.1,
        "paraphrased": {
            "accuracy": 0.3509473684210526,
            "precision": 0.44655031592130245
        },
        "original": {
            "accuracy": 0.37204387642145514,
            "precision": 0.4315557677993069
        }
    },
    "flan_t5_3000-11b": {
        "size": 11.0,
        "paraphrased": {
            "accuracy": 0.5409386428281187,
            "precision": 0.4144256277594555
        }
    },
    "incite_instruct_3000-3b": {
        "size": 3.0,
        "paraphrased": {
            "accuracy": 0.4781592848435595,
            "precision": 0.5139632965771191
        }
    },
    "bloomz_3000-7b1": {
        "size": 7.1,
        "paraphrased": {
            "accuracy": 0.5169646485168631,
            "precision": 0.41195657662890683
        }
    },
    "bloomz_4000-7b1": {
        "size": 7.1,
        "paraphrased": {
            "accuracy": 0.5577874230342182,
            "precision": 0.4029406031778072
        }
    },
    "incite_instruct_4000-3b": {
        "size": 3.0,
        "paraphrased": {
            "accuracy": 0.5040880185727263,
            "precision": 0.5063366552319375
        }
    },
    "flan_t5_4000-11b": {
        "size": 11.0,
        "paraphrased": {
            "accuracy": 0.5791864338346624,
            "precision": 0.40885187512452936
        }
    }
}