{
    "key": "instruct-vs-normal",
    "t5-3b": {
        "size": 3.0,
        "paraphrased": {
            "accuracy": 0.266,
            "precision": 0.5645618898104612
        },
        "original": {
            "accuracy": 0.2595350709469659,
            "precision": 0.5638990429952118
        }
    },
    "flan_t5-3b": {
        "size": 3.0,
        "paraphrased": {
            "accuracy": 0.36305263157894735,
            "precision": 0.47196540723383956
        },
        "original": {
            "accuracy": 0.39851061688638423,
            "precision": 0.45069447656562855
        }
    },
    "distilbert-0b066": {
        "size": 0.066,
        "paraphrased": {
            "accuracy": 0.014,
            "precision": 0.7065290864565162
        },
        "original": {
            "accuracy": 0.015195733118647478,
            "precision": 0.6820521553203899
        }
    },
    "distilbert_squad-0b062": {
        "size": 0.062,
        "paraphrased": {
            "accuracy": 0.1688421052631579,
            "precision": 0.5719367053898159
        },
        "original": {
            "accuracy": 0.11915064908926236,
            "precision": 0.5575259585556475
        }
    },
    "falcon_instruct-7b": {
        "size": 7.0,
        "paraphrased": {
            "accuracy": 0.04705263157894737,
            "precision": 0.646728530153222
        },
        "original": {
            "accuracy": 0.08141290127805173,
            "precision": 0.6963564419231816
        }
    },
    "falcon-7b": {
        "size": 7.0,
        "paraphrased": {
            "accuracy": 0.03,
            "precision": 0.6471113226310097
        },
        "original": {
            "accuracy": 0.07950085538895038,
            "precision": 0.6840410915039827
        }
    }
}