{
    "key": "instruct-vs-normal",
    "t5-3b": {
        "size": 3.0,
        "paraphrased": {
            "accuracy": 0.266,
            "precision": 0.5645618898104612
        },
        "original": {
            "accuracy": 0.2595350709469659,
            "precision": 0.5638990429952118
        }
    },
    "flan_t5-3b": {
        "size": 3.0,
        "paraphrased": {
            "accuracy": 0.36305263157894735,
            "precision": 0.47196540723383956
        },
        "original": {
            "accuracy": 0.39851061688638423,
            "precision": 0.45069447656562855
        }
    },
    "distilbert-0b066": {
        "size": 0.066,
        "paraphrased": {
            "accuracy": 0.014,
            "precision": 0.7065290864565162
        },
        "original": {
            "accuracy": 0.015195733118647478,
            "precision": 0.6820521553203899
        }
    },
    "distilbert_squad-0b062": {
        "size": 0.062,
        "paraphrased": {
            "accuracy": 0.1688421052631579,
            "precision": 0.5719367053898159
        },
        "original": {
            "accuracy": 0.11915064908926236,
            "precision": 0.5575259585556475
        }
    },
    "falcon_instruct-7b": {
        "size": 7.0,
        "paraphrased": {
            "accuracy": 0.04705263157894737,
            "precision": 0.646728530153222
        },
        "original": {
            "accuracy": 0.08141290127805173,
            "precision": 0.6963564419231816
        }
    },
    "falcon-7b": {
        "size": 7.0,
        "paraphrased": {
            "accuracy": 0.03,
            "precision": 0.6471113226310097
        },
        "original": {
            "accuracy": 0.07950085538895038,
            "precision": 0.6840410915039827
        }
    },
    "mpt-7b": {
        "size": 7.0,
        "paraphrased": {
            "accuracy": 0.2014736842105263,
            "precision": 0.5004159387485629
        },
        "original": {
            "accuracy": 0.24725772365905202,
            "precision": 0.5534898337739852
        }
    },
    "mpt_instruct-6b7": {
        "size": 6.7,
        "paraphrased": {
            "accuracy": 0.19989473684210526,
            "precision": 0.5599276646722522
        },
        "original": {
            "accuracy": 0.1899969809801751,
            "precision": 0.6014279620321741
        }
    },
    "incite_instruct-3b": {
        "size": 3.0,
        "paraphrased": {
            "accuracy": 0.3737894736842105,
            "precision": 0.5137663166792305
        },
        "original": {
            "accuracy": 0.38261044580859416,
            "precision": 0.5587809169443483
        }
    },
    "incite-3b": {
        "size": 3.0,
        "paraphrased": {
            "accuracy": 0.16515789473684211,
            "precision": 0.5436236541223217
        },
        "original": {
            "accuracy": 0.13484955217872596,
            "precision": 0.6399902881825141
        }
    }
}