{
    "key": "large_only",
    "gpt3.5turbo-175b": {
        "paraphrased": {
            "accuracy": 0.5198,
            "precision": 3.834936514043863
        },
        "original": {
            "accuracy": 0.5972,
            "precision": 3.9035498995311455
        }
    },
    "bloomz-176b": {
        "paraphrased": {
            "accuracy": 0.2824,
            "precision": 10.01912181303116
        },
        "original": {
            "accuracy": 0.3143,
            "precision": 9.706649697741012
        }
    }
}