{
    "key": "large_only",
    "gpt3.5turbo-175b": {
        "size": 175.0,
        "paraphrased": {
            "accuracy": 0.5198,
            "precision": 0.21928311941178238
        }
    },
    "bloomz-176b": {
        "size": 176.0,
        "paraphrased": {
            "accuracy": 0.2824,
            "precision": 0.665241563140063
        }
    },
    "wiki_predictions_gpt_4-175b": {
        "size": 175.0,
        "paraphrased": {
            "accuracy": 0.7081,
            "precision": 0.16257780051799556
        }
    }
}