{
    "key": "larger-input",
    "incite_instruct-3b": {
        "size": 3.0,
        "paraphrased": {
            "accuracy": 0.43587637334428586,
            "precision": 0.5139203525580128
        },
        "original": {
            "accuracy": 0.4635395741261551,
            "precision": 0.5591864456994938
        }
    },
    "flan_t5-11b": {
        "size": 11.0,
        "paraphrased": {
            "accuracy": 0.4826984289968169,
            "precision": 0.41992942064073996
        },
        "original": {
            "accuracy": 0.49989955805544395,
            "precision": 0.4167030913224789
        }
    },
    "bloomz-7b1": {
        "size": 7.1,
        "paraphrased": {
            "accuracy": 0.4560016428791457,
            "precision": 0.42477391252351415
        },
        "original": {
            "accuracy": 0.47750100441944554,
            "precision": 0.41519442583485333
        }
    }
}