{
    "key": "run-all-top-5",
    "bloom-7b1": {
        "size": 7.1,
        "paraphrased": {
            "accuracy": 0.21473684210526317,
            "precision": 0.5606230596903278
        }
    },
    "bloom-1b1": {
        "size": 1.1,
        "paraphrased": {
            "accuracy": 0.09052631578947369,
            "precision": 0.5879331960506741
        }
    },
    "bloom-3b": {
        "size": 3.0,
        "paraphrased": {
            "accuracy": 0.19094736842105264,
            "precision": 0.5637971457793706
        }
    },
    "bloom-1b7": {
        "size": 1.7,
        "paraphrased": {
            "accuracy": 0.15347368421052632,
            "precision": 0.5225419213515048
        }
    },
    "t5-0b220": {
        "size": 0.22,
        "paraphrased": {
            "accuracy": 0.043789473684210524,
            "precision": 0.5998535949239691
        }
    },
    "t5-3b": {
        "size": 3.0,
        "paraphrased": {
            "accuracy": 0.266,
            "precision": 0.5729811999116078
        }
    },
    "t5-0b060": {
        "size": 0.06,
        "paraphrased": {
            "accuracy": 0.1296842105263158,
            "precision": 0.674340529575105
        }
    },
    "t5-0b770": {
        "size": 0.77,
        "paraphrased": {
            "accuracy": 0.23842105263157895,
            "precision": 0.536185663850315
        }
    },
    "majority_full_name-1b": {
        "size": 1.0,
        "paraphrased": {
            "accuracy": 0.13494736842105262,
            "precision": 0.6356482193469691
        }
    },
    "pythia-2b8": {
        "size": 2.8,
        "paraphrased": {
            "accuracy": 0.03031578947368421,
            "precision": 0.7360835583424762
        }
    },
    "pythia-0b070": {
        "size": 0.07,
        "paraphrased": {
            "accuracy": 0.026210526315789472,
            "precision": 0.7031733976607933
        }
    },
    "pythia-1b4": {
        "size": 1.4,
        "paraphrased": {
            "accuracy": 0.029473684210526315,
            "precision": 0.7095483399793178
        }
    },
    "pythia-0b160": {
        "size": 0.16,
        "paraphrased": {
            "accuracy": 0.023789473684210527,
            "precision": 0.6664811898448164
        }
    },
    "pythia-0b410": {
        "size": 0.41,
        "paraphrased": {
            "accuracy": 0.03452631578947368,
            "precision": 0.7097528383174506
        }
    },
    "pythia-6b9": {
        "size": 6.9,
        "paraphrased": {
            "accuracy": 0.019894736842105264,
            "precision": 0.8187810920757452
        }
    },
    "pythia-12b": {
        "size": 12.0,
        "paraphrased": {
            "accuracy": 0.04115789473684211,
            "precision": 0.7032911011186503
        }
    },
    "cerebras-6b7": {
        "size": 6.7,
        "paraphrased": {
            "accuracy": 0.03568421052631579,
            "precision": 0.6964037420951618
        }
    },
    "cerebras-0b111": {
        "size": 0.111,
        "paraphrased": {
            "accuracy": 0.016842105263157894,
            "precision": 0.7501247863434118
        }
    },
    "cerebras-2b7": {
        "size": 2.7,
        "paraphrased": {
            "accuracy": 0.026842105263157896,
            "precision": 0.7306599684362696
        }
    },
    "cerebras-13b": {
        "size": 13.0,
        "paraphrased": {
            "accuracy": 0.05578947368421053,
            "precision": 0.7729450664134523
        }
    },
    "cerebras-1b3": {
        "size": 1.3,
        "paraphrased": {
            "accuracy": 0.030947368421052633,
            "precision": 0.6729691651087414
        }
    },
    "mt0-1b2": {
        "size": 1.2,
        "paraphrased": {
            "accuracy": 0.32052631578947366,
            "precision": 0.4559444879992161
        }
    },
    "mt0-0b580": {
        "size": 0.58,
        "paraphrased": {
            "accuracy": 0.2561052631578947,
            "precision": 0.4792981975096245
        }
    },
    "mt0-13b": {
        "size": 13.0,
        "paraphrased": {
            "accuracy": 0.38305263157894737,
            "precision": 0.4165919851436305
        }
    },
    "flan_t5-0b780": {
        "size": 0.78,
        "paraphrased": {
            "accuracy": 0.3357894736842105,
            "precision": 0.4917489508119129
        }
    },
    "flan_t5-3b": {
        "size": 3.0,
        "paraphrased": {
            "accuracy": 0.36305263157894735,
            "precision": 0.4735598518987394
        }
    },
    "flan_t5-0b250": {
        "size": 0.25,
        "paraphrased": {
            "accuracy": 0.3036842105263158,
            "precision": 0.5016111776555594
        }
    },
    "flan_t5-11b": {
        "size": 11.0,
        "paraphrased": {
            "accuracy": 0.3754736842105263,
            "precision": 0.43780494131490166
        }
    },
    "flan_t5-0b080": {
        "size": 0.08,
        "paraphrased": {
            "accuracy": 0.2816842105263158,
            "precision": 0.4969286149265508
        }
    },
    "llama-7b": {
        "size": 7.0,
        "paraphrased": {
            "accuracy": 0.2615789473684211,
            "precision": 0.5220225512063146
        }
    },
    "bloomz-3b": {
        "size": 3.0,
        "paraphrased": {
            "accuracy": 0.3028421052631579,
            "precision": 0.4714144883327546
        }
    },
    "bloomz-7b1": {
        "size": 7.1,
        "paraphrased": {
            "accuracy": 0.3509473684210526,
            "precision": 0.448024275208699
        }
    },
    "bloomz-1b7": {
        "size": 1.7,
        "paraphrased": {
            "accuracy": 0.3201052631578947,
            "precision": 0.4659181731158804
        }
    },
    "bloomz-1b1": {
        "size": 1.1,
        "paraphrased": {
            "accuracy": 0.3211578947368421,
            "precision": 0.46970690455690184
        }
    },
    "gpt_neox-20b": {
        "size": 20.0,
        "paraphrased": {
            "accuracy": 0.030210526315789472,
            "precision": 0.6892494122557324
        }
    },
    "mpt_instruct-6b7": {
        "size": 6.7,
        "paraphrased": {
            "accuracy": 0.19989473684210526,
            "precision": 0.5599276646722522
        }
    },
    "roberta_squad-0b355": {
        "size": 0.355,
        "paraphrased": {
            "accuracy": 0.02494736842105263,
            "precision": 0.8284224416151431
        }
    },
    "roberta_squad-0b125": {
        "size": 0.125,
        "paraphrased": {
            "accuracy": 0.07842105263157895,
            "precision": 0.8221395904803787
        }
    },
    "falcon-7b": {
        "size": 7.0,
        "paraphrased": {
            "accuracy": 0.03,
            "precision": 0.6568554965857101
        }
    },
    "gpt_4-1800b": {
        "size": 1800.0,
        "paraphrased": {
            "accuracy": 0.7081,
            "precision": 0.16257780051799556
        }
    },
    "gptj-6b": {
        "size": 6.0,
        "paraphrased": {
            "accuracy": 0.034105263157894736,
            "precision": 0.7035648107729942
        }
    },
    "roberta-0b125": {
        "size": 0.125,
        "paraphrased": {
            "accuracy": 0.19073684210526315,
            "precision": 0.8355878037582105
        }
    },
    "roberta-0b355": {
        "size": 0.355,
        "paraphrased": {
            "accuracy": 0.20642105263157895,
            "precision": 0.8406021774051254
        }
    },
    "mpt-7b": {
        "size": 7.0,
        "paraphrased": {
            "accuracy": 0.2014736842105263,
            "precision": 0.5004159387485629
        }
    },
    "incite_instruct-3b": {
        "size": 3.0,
        "paraphrased": {
            "accuracy": 0.3737894736842105,
            "precision": 0.5137663166792305
        }
    },
    "random_full_name-1b": {
        "size": 1.0,
        "paraphrased": {
            "accuracy": 0.06368421052631579,
            "precision": 0.741545817257411
        }
    },