{
    "key": "run-all-top-5",
    "t5-0b220": {
        "size": 0.22,
        "paraphrased": {
            "accuracy": 0.043789473684210524,
            "precision": 0.5998535949239691
        },
        "original": {
            "accuracy": 0.053637918889000706,
            "precision": 0.5835291916343222
        }
    },
    "t5-3b": {
        "size": 3.0,
        "paraphrased": {
            "accuracy": 0.266,
            "precision": 0.5729811999116078
        },
        "original": {
            "accuracy": 0.2595350709469659,
            "precision": 0.5704982298580666
        }
    },
    "t5-0b060": {
        "size": 0.06,
        "paraphrased": {
            "accuracy": 0.1296842105263158,
            "precision": 0.674340529575105
        },
        "original": {
            "accuracy": 0.1203582570192211,
            "precision": 0.6767581891003762
        }
    },
    "t5-0b770": {
        "size": 0.77,
        "paraphrased": {
            "accuracy": 0.23842105263157895,
            "precision": 0.536185663850315
        },
        "original": {
            "accuracy": 0.25480527322129415,
            "precision": 0.5264212159403422
        }
    },
    "majority_full_name-1b": {
        "size": 1.0,
        "paraphrased": {
            "accuracy": 0.13494736842105262,
            "precision": 0.6356482193469691
        },
        "original": {
            "accuracy": 0.13132736238301299,
            "precision": 0.6351361566691096
        }
    },
    "pythia-2b8": {
        "size": 2.8,
        "paraphrased": {
            "accuracy": 0.03031578947368421,
            "precision": 0.7360835583424762
        },
        "original": {
            "accuracy": 0.09701117037335212,
            "precision": 0.7314751674915585
        }
    },
    "pythia-0b070": {
        "size": 0.07,
        "paraphrased": {
            "accuracy": 0.026210526315789472,
            "precision": 0.7031733976607933
        },
        "original": {
            "accuracy": 0.06772667807185268,
            "precision": 0.7968074870899449
        }
    },
    "pythia-1b4": {
        "size": 1.4,
        "paraphrased": {
            "accuracy": 0.029473684210526315,
            "precision": 0.7095483399793178
        },
        "original": {
            "accuracy": 0.0727583777800141,
            "precision": 0.779609829106222
        }
    },
    "pythia-0b160": {
        "size": 0.16,
        "paraphrased": {
            "accuracy": 0.023789473684210527,
            "precision": 0.6664811898448164
        },
        "original": {
            "accuracy": 0.06229244238703834,
            "precision": 0.7926970674433255
        }
    },
    "pythia-0b410": {
        "size": 0.41,
        "paraphrased": {
            "accuracy": 0.03452631578947368,
            "precision": 0.7097528383174506
        },
        "original": {
            "accuracy": 0.09791687632082118,
            "precision": 0.7170208580349214
        }
    },
    "pythia-6b9": {
        "size": 6.9,
        "paraphrased": {
            "accuracy": 0.019894736842105264,
            "precision": 0.8187810920757452
        },
        "original": {
            "accuracy": 0.07678373754654322,
            "precision": 0.7716329064566667
        }
    },
    "pythia-12b": {
        "size": 12.0,
        "paraphrased": {
            "accuracy": 0.04115789473684211,
            "precision": 0.7032911011186503
        },
        "original": {
            "accuracy": 0.07708563952903291,
            "precision": 0.7842212514096081
        }
    },
    "cerebras-6b7": {
        "size": 6.7,
        "paraphrased": {
            "accuracy": 0.03568421052631579,
            "precision": 0.6964037420951618
        },
        "original": {
            "accuracy": 0.07134950186172889,
            "precision": 0.780407239349892
        }
    },
    "cerebras-0b111": {
        "size": 0.111,
        "paraphrased": {
            "accuracy": 0.016842105263157894,
            "precision": 0.7501247863434118
        },
        "original": {
            "accuracy": 0.04951192512830834,
            "precision": 0.8508644805379474
        }
    },
    "cerebras-2b7": {
        "size": 2.7,
        "paraphrased": {
            "accuracy": 0.026842105263157896,
            "precision": 0.7306599684362696
        },
        "original": {
            "accuracy": 0.0926839086243333,
            "precision": 0.7438586060046867
        }
    },
    "cerebras-13b": {
        "size": 13.0,
        "paraphrased": {
            "accuracy": 0.05578947368421053,
            "precision": 0.7729450664134523
        },
        "original": {
            "accuracy": 0.12750327060481031,
            "precision": 0.6829514584965864
        }
    },
    "cerebras-1b3": {
        "size": 1.3,
        "paraphrased": {
            "accuracy": 0.030947368421052633,
            "precision": 0.6729691651087414
        },
        "original": {
            "accuracy": 0.10516252390057361,
            "precision": 0.6988221726355319
        }
    },
    "flan_t5-0b780": {
        "size": 0.78,
        "paraphrased": {
            "accuracy": 0.3357894736842105,
            "precision": 0.4917489508119129
        },
        "original": {
            "accuracy": 0.3554392673845225,
            "precision": 0.48242003205827716
        }
    },
    "flan_t5-3b": {
        "size": 3.0,
        "paraphrased": {
            "accuracy": 0.36305263157894735,
            "precision": 0.4735598518987394
        },
        "original": {
            "accuracy": 0.39851061688638423,
            "precision": 0.45254006153621346
        }
    },
    "flan_t5-0b250": {
        "size": 0.25,
        "paraphrased": {
            "accuracy": 0.3036842105263158,
            "precision": 0.5016111776555594
        },
        "original": {
            "accuracy": 0.32444399718224814,
            "precision": 0.4960983494979445
        }
    },
    "flan_t5-11b": {
        "size": 11.0,
        "paraphrased": {
            "accuracy": 0.3754736842105263,
            "precision": 0.43780494131490166
        },
        "original": {
            "accuracy": 0.40203280668209723,
            "precision": 0.4272221219146719
        }
    },
    "flan_t5-0b080": {
        "size": 0.08,
        "paraphrased": {
            "accuracy": 0.2816842105263158,
            "precision": 0.4969286149265508
        },
        "original": {
            "accuracy": 0.30421656435543926,
            "precision": 0.4918219419998937
        }
    },
    "llama-7b": {
        "size": 7.0,
        "paraphrased": {
            "accuracy": 0.2615789473684211,
            "precision": 0.5220225512063146
        },
        "original": {
            "accuracy": 0.2655731105967596,
            "precision": 0.5145219185901423
        }
    },
    "bloomz-3b": {
        "size": 3.0,
        "paraphrased": {
            "accuracy": 0.3028421052631579,
            "precision": 0.4714144883327546
        },
        "original": {
            "accuracy": 0.30904699607527425,
            "precision": 0.4551157932269926
        }
    },
    "bloomz-7b1": {
        "size": 7.1,
        "paraphrased": {
            "accuracy": 0.3509473684210526,
            "precision": 0.448024275208699
        },
        "original": {
            "accuracy": 0.37204387642145514,
            "precision": 0.4324988423966958
        }
    },
    "bloomz-1b7": {
        "size": 1.7,
        "paraphrased": {
            "accuracy": 0.3201052631578947,
            "precision": 0.4659181731158804
        },
        "original": {
            "accuracy": 0.3007950085538895,
            "precision": 0.4611114236411701
        }
    },
    "bloomz-1b1": {
        "size": 1.1,
        "paraphrased": {
            "accuracy": 0.3211578947368421,
            "precision": 0.46970690455690184
        },
        "original": {
            "accuracy": 0.33179027875616385,
            "precision": 0.4610958380802003
        }
    },