{
    "key": "run-all-top-5",
    "bloom-7b1": {
        "size": 7.1,
        "paraphrased": {
            "accuracy": 0.20705263157894738,
            "precision": 0.5724221344284783,
            "last_name_accuracy": 0.15357894736842106,
            "last_name_precision": 1.0644276901987664,
            "weighted_score": 0.17229473684210528
        }
    },
    "bloom-1b1": {
        "size": 1.1,
        "paraphrased": {
            "accuracy": 0.08557894736842105,
            "precision": 0.604701547618868,
            "last_name_accuracy": 0.05778947368421053,
            "last_name_precision": 1.0892531876138434,
            "weighted_score": 0.06751578947368421
        }
    },
    "bloom-3b": {
        "size": 3.0,
        "paraphrased": {
            "accuracy": 0.18305263157894736,
            "precision": 0.5751170094832847,
            "last_name_accuracy": 0.13494736842105262,
            "last_name_precision": 1.0655226209048363,
            "weighted_score": 0.15178421052631577
        }
    },
    "bloom-1b7": {
        "size": 1.7,
        "paraphrased": {
            "accuracy": 0.14768421052631578,
            "precision": 0.5335305742766127,
            "last_name_accuracy": 0.11021052631578947,
            "last_name_precision": 1.0391595033428844,
            "weighted_score": 0.12332631578947367
        }
    },
    "t5-0b220": {
        "size": 0.22,
        "paraphrased": {
            "accuracy": 0.037157894736842105,
            "precision": 0.6320853532249392,
            "last_name_accuracy": 0.014842105263157894,
            "last_name_precision": 1.0212765957446808,
            "weighted_score": 0.02265263157894737
        }
    },
    "t5-3b": {
        "size": 3.0,
        "paraphrased": {
            "accuracy": 0.25694736842105265,
            "precision": 0.588192088783389,
            "last_name_accuracy": 0.19094736842105264,
            "last_name_precision": 1.0523704520396913,
            "weighted_score": 0.21404736842105265
        }
    },
    "t5-0b060": {
        "size": 0.06,
        "paraphrased": {
            "accuracy": 0.12252631578947368,
            "precision": 0.7128323454104245,
            "last_name_accuracy": 0.07326315789473684,
            "last_name_precision": 1.1422413793103448,
            "weighted_score": 0.09050526315789473
        }
    },
    "t5-0b770": {
        "size": 0.77,
        "paraphrased": {
            "accuracy": 0.2326315789473684,
            "precision": 0.5591762282886922,
            "last_name_accuracy": 0.16305263157894737,
            "last_name_precision": 1.023886378308586,
            "weighted_score": 0.18740526315789474
        }
    },
    "majority_full_name-1b": {
        "size": 1.0,
        "paraphrased": {
            "accuracy": 0.11210526315789474,
            "precision": 0.644883742139894,
            "last_name_accuracy": 0.010526315789473684,
            "last_name_precision": 1.09,
            "weighted_score": 0.046078947368421046
        }
    },
    "pythia-2b8": {
        "size": 2.8,
        "paraphrased": {
            "accuracy": 0.021894736842105262,
            "precision": 0.8120561177922773,
            "last_name_accuracy": 0.008842105263157894,
            "last_name_precision": 1.3452380952380953,
            "weighted_score": 0.013410526315789473
        }
    },
    "pythia-0b070": {
        "size": 0.07,
        "paraphrased": {
            "accuracy": 0.024736842105263158,
            "precision": 0.8155623825036414,
            "last_name_accuracy": 0.010842105263157894,
            "last_name_precision": 1.2427184466019416,
            "weighted_score": 0.015705263157894736
        }
    },
    "pythia-1b4": {
        "size": 1.4,
        "paraphrased": {
            "accuracy": 0.02631578947368421,
            "precision": 0.8405855567580738,
            "last_name_accuracy": 0.009052631578947368,
            "last_name_precision": 1.3837209302325582,
            "weighted_score": 0.015094736842105261
        }
    },
    "pythia-0b160": {
        "size": 0.16,
        "paraphrased": {
            "accuracy": 0.02273684210526316,
            "precision": 0.7903058560891907,
            "last_name_accuracy": 0.009789473684210527,
            "last_name_precision": 1.2688172043010753,
            "weighted_score": 0.014321052631578946
        }
    },
    "pythia-0b410": {
        "size": 0.41,
        "paraphrased": {
            "accuracy": 0.030947368421052633,
            "precision": 0.8365629267184125,
            "last_name_accuracy": 0.0074736842105263155,
            "last_name_precision": 1.4647887323943662,
            "weighted_score": 0.015689473684210527
        }
    },
    "pythia-6b9": {
        "size": 6.9,
        "paraphrased": {
            "accuracy": 0.01263157894736842,
            "precision": 0.9724795675746118,
            "last_name_accuracy": 0.003368421052631579,
            "last_name_precision": 1.8125,
            "weighted_score": 0.006610526315789474
        }
    },
    "pythia-12b": {
        "size": 12.0,
        "paraphrased": {
            "accuracy": 0.035263157894736843,
            "precision": 0.8173392167964906,
            "last_name_accuracy": 0.009052631578947368,
            "last_name_precision": 1.430232558139535,
            "weighted_score": 0.018226315789473684
        }
    },
    "cerebras-6b7": {
        "size": 6.7,
        "paraphrased": {
            "accuracy": 0.031578947368421054,
            "precision": 0.7788785638848741,
            "last_name_accuracy": 0.015368421052631578,
            "last_name_precision": 1.2534246575342465,
            "weighted_score": 0.021042105263157893
        }
    },
    "cerebras-0b111": {
        "size": 0.111,
        "paraphrased": {
            "accuracy": 0.015473684210526317,
            "precision": 0.9225399577829694,
            "last_name_accuracy": 0.005263157894736842,
            "last_name_precision": 1.56,
            "weighted_score": 0.008836842105263159
        }
    },
    "cerebras-2b7": {
        "size": 2.7,
        "paraphrased": {
            "accuracy": 0.021368421052631578,
            "precision": 0.80749035154358,
            "last_name_accuracy": 0.009789473684210527,
            "last_name_precision": 1.2903225806451613,
            "weighted_score": 0.013842105263157895
        }
    },
    "cerebras-13b": {
        "size": 13.0,
        "paraphrased": {
            "accuracy": 0.052526315789473685,
            "precision": 1.5594384400237435,
            "last_name_accuracy": 0.03442105263157895,
            "last_name_precision": 2.2752293577981653,
            "weighted_score": 0.040757894736842104
        }
    },
    "cerebras-1b3": {
        "size": 1.3,
        "paraphrased": {
            "accuracy": 0.02831578947368421,
            "precision": 0.7517654575842765,
            "last_name_accuracy": 0.014736842105263158,
            "last_name_precision": 1.2428571428571429,
            "weighted_score": 0.01948947368421053
        }
    },
    "mt0-1b2": {
        "size": 1.2,
        "paraphrased": {
            "accuracy": 0.3133684210526316,
            "precision": 0.4656251840599948,
            "last_name_accuracy": 0.22273684210526315,
            "last_name_precision": 1.0085066162570888,
            "weighted_score": 0.2544578947368421
        }
    },
    "mt0-0b580": {
        "size": 0.58,
        "paraphrased": {
            "accuracy": 0.2531578947368421,
            "precision": 0.49228029350385194,
            "last_name_accuracy": 0.19126315789473683,
            "last_name_precision": 1.0033021463951568,
            "weighted_score": 0.21292631578947369
        }
    },
    "mt0-13b": {
        "size": 13.0,
        "paraphrased": {
            "accuracy": 0.37473684210526315,
            "precision": 0.42299737600393356,
            "last_name_accuracy": 0.27242105263157895,
            "last_name_precision": 1.0038639876352395,