{
    "key": "run-all-top-5",
    "incite_instruct-3b": {
        "size": 3.0,
        "paraphrased": {
            "accuracy": 0.3737894736842105,
            "precision": 0.5107898796490057
        },
        "original": {
            "accuracy": 0.38261044580859416,
            "precision": 0.5443986848214531
        }
    }
}