{
    "key": "run-all-top-5",
    "bloomz-3b": {
        "size": 3.0,
        "paraphrased": {
            "accuracy": 0.3028421052631579,
            "precision": 8.014598540145986
        },
        "original": {
            "accuracy": 0.30904699607527425,
            "precision": 7.644415499837186
        }
    },
    "bloomz-7b1": {
        "size": 7.1,
        "paraphrased": {
            "accuracy": 0.3509473684210526,
            "precision": 7.530893821235753
        },
        "original": {
            "accuracy": 0.37204387642145514,
            "precision": 7.204760616716256
        }
    },
    "bloomz-1b7": {
        "size": 1.7,
        "paraphrased": {
            "accuracy": 0.3201052631578947,
            "precision": 7.950016441959882
        },
        "original": {
            "accuracy": 0.3007950085538895,
            "precision": 7.7199732351957175
        }
    },
    "bloomz-1b1": {
        "size": 1.1,
        "paraphrased": {
            "accuracy": 0.3211578947368421,
            "precision": 7.8780727630285154
        },
        "original": {
            "accuracy": 0.33179027875616385,
            "precision": 7.630573248407643
        }
    }
}