{
    "key": "run-all-top-5",
    "flan_t5-0b780": {
        "size": 0.78,
        "paraphrased": {
            "accuracy": 0.3357894736842105,
            "precision": 0.48629810791731315
        }
    },
    "flan_t5-3b": {
        "size": 3.0,
        "paraphrased": {
            "accuracy": 0.36305263157894735,
            "precision": 0.46916215692516294
        }
    },
    "flan_t5-0b250": {
        "size": 0.25,
        "paraphrased": {
            "accuracy": 0.3036842105263158,
            "precision": 0.49685329753958973
        }
    },
    "flan_t5-11b": {
        "size": 11.0,
        "paraphrased": {
            "accuracy": 0.3754736842105263,
            "precision": 0.43296993058951194
        }
    },
    "flan_t5-0b080": {
        "size": 0.08,
        "paraphrased": {
            "accuracy": 0.2816842105263158,
            "precision": 0.4926008585604213
        }
    }
}