{
    "key": "with_huge_models",
    "t5-0b220": {
        "size": 0.22,
        "paraphrased": {
            "accuracy": 0.043789473684210524,
            "precision": 0.5938037953645542
        },
        "original": {
            "accuracy": 0.053637918889000706,
            "precision": 0.5786137506025584
        }
    },
    "t5-3b": {
        "size": 3.0,
        "paraphrased": {
            "accuracy": 0.266,
            "precision": 0.5645618898104612
        },
        "original": {
            "accuracy": 0.2595350709469659,
            "precision": 0.5638990429952118
        }
    },
    "t5-0b060": {
        "size": 0.06,
        "paraphrased": {
            "accuracy": 0.1296842105263158,
            "precision": 0.6560384988136582
        },
        "original": {
            "accuracy": 0.1203582570192211,
            "precision": 0.6571776163843512
        }
    },
    "t5-0b770": {
        "size": 0.77,
        "paraphrased": {
            "accuracy": 0.23842105263157895,
            "precision": 0.5307840308990129
        },
        "original": {
            "accuracy": 0.25480527322129415,
            "precision": 0.5228020106327484
        }
    },
    "majority_full_name-1b": {
        "size": 1.0,
        "paraphrased": {
            "accuracy": 0.13494736842105262,
            "precision": 0.6314663767485897
        },
        "original": {
            "accuracy": 0.13132736238301299,
            "precision": 0.6310280170437285
        }
    },
    "pythia-2b8": {
        "size": 2.8,
        "paraphrased": {
            "accuracy": 0.03031578947368421,
            "precision": 0.7112156504016516
        },
        "original": {
            "accuracy": 0.09701117037335212,
            "precision": 0.6795910327236051
        }
    },
    "pythia-0b070": {
        "size": 0.07,
        "paraphrased": {
            "accuracy": 0.026210526315789472,
            "precision": 0.6766406265497092
        },
        "original": {
            "accuracy": 0.06772667807185268,
            "precision": 0.7211425213804027
        }
    },
    "pythia-1b4": {
        "size": 1.4,
        "paraphrased": {
            "accuracy": 0.029473684210526315,
            "precision": 0.6885333628929123
        },
        "original": {
            "accuracy": 0.0727583777800141,
            "precision": 0.7141822875376015
        }
    },
    "pythia-0b160": {
        "size": 0.16,
        "paraphrased": {
            "accuracy": 0.023789473684210527,
            "precision": 0.6528123120166466
        },
        "original": {
            "accuracy": 0.06229244238703834,
            "precision": 0.7134662193110233
        }
    },
    "pythia-0b410": {
        "size": 0.41,
        "paraphrased": {
            "accuracy": 0.03452631578947368,
            "precision": 0.683443993029947
        },
        "original": {
            "accuracy": 0.09791687632082118,
            "precision": 0.6659334562280941
        }
    },
    "pythia-6b9": {
        "size": 6.9,
        "paraphrased": {
            "accuracy": 0.019894736842105264,
            "precision": 0.7769315248293529
        },
        "original": {
            "accuracy": 0.07678373754654322,
            "precision": 0.7083613302099916
        }
    },
    "pythia-12b": {
        "size": 12.0,
        "paraphrased": {
            "accuracy": 0.04115789473684211,
            "precision": 0.677930812075497
        },
        "original": {
            "accuracy": 0.07708563952903291,
            "precision": 0.7196611415165985
        }
    },
    "cerebras-6b7": {
        "size": 6.7,
        "paraphrased": {
            "accuracy": 0.03568421052631579,
            "precision": 0.6733836042520153
        },
        "original": {
            "accuracy": 0.07134950186172889,
            "precision": 0.7101103445819108
        }
    },
    "cerebras-0b111": {
        "size": 0.111,
        "paraphrased": {
            "accuracy": 0.016842105263157894,
            "precision": 0.7211608683169938
        },
        "original": {
            "accuracy": 0.04951192512830834,
            "precision": 0.75742758771081
        }
    },
    "cerebras-2b7": {
        "size": 2.7,
        "paraphrased": {
            "accuracy": 0.026842105263157896,
            "precision": 0.7078590765177304
        },
        "original": {
            "accuracy": 0.0926839086243333,
            "precision": 0.6906813754658908
        }
    },
    "cerebras-13b": {
        "size": 13.0,
        "paraphrased": {
            "accuracy": 0.05578947368421053,
            "precision": 0.7079259398377221
        },
        "original": {
            "accuracy": 0.12750327060481031,
            "precision": 0.6323396525177705
        }
    },
    "cerebras-1b3": {
        "size": 1.3,
        "paraphrased": {
            "accuracy": 0.030947368421052633,
            "precision": 0.6505712682210486
        },
        "original": {
            "accuracy": 0.10516252390057361,
            "precision": 0.6527175542342617
        }
    },
    "flan_t5-0b780": {
        "size": 0.78,
        "paraphrased": {
            "accuracy": 0.3357894736842105,
            "precision": 0.4898197497447808
        },
        "original": {
            "accuracy": 0.3554392673845225,
            "precision": 0.48174571581204706
        }
    },
    "flan_t5-3b": {
        "size": 3.0,
        "paraphrased": {
            "accuracy": 0.36305263157894735,
            "precision": 0.47196540723383956
        },
        "original": {
            "accuracy": 0.39851061688638423,
            "precision": 0.45069447656562855
        }
    },
    "flan_t5-0b250": {
        "size": 0.25,
        "paraphrased": {
            "accuracy": 0.3036842105263158,
            "precision": 0.49956107101273173
        },
        "original": {
            "accuracy": 0.32444399718224814,
            "precision": 0.4940301306338199
        }
    },
    "flan_t5-11b": {
        "size": 11.0,
        "paraphrased": {
            "accuracy": 0.3754736842105263,
            "precision": 0.4363001414080832
        },
        "original": {
            "accuracy": 0.40203280668209723,
            "precision": 0.42601940167565644
        }
    },
    "flan_t5-0b080": {
        "size": 0.08,
        "paraphrased": {
            "accuracy": 0.2816842105263158,
            "precision": 0.49551243851037435
        },
        "original": {
            "accuracy": 0.30421656435543926,
            "precision": 0.49059681178038694
        }
    },
    "llama-7b": {
        "size": 7.0,
        "paraphrased": {
            "accuracy": 0.2615789473684211,
            "precision": 0.5207092613215962
        },
        "original": {
            "accuracy": 0.2655731105967596,
            "precision": 0.5130955545453623
        }
    },
    "bloomz-3b": {
        "size": 3.0,
        "paraphrased": {
            "accuracy": 0.3028421052631579,
            "precision": 0.47030688894569733
        },
        "original": {
            "accuracy": 0.30904699607527425,
            "precision": 0.4543196105030989
        }
    },
    "bloomz-7b1": {
        "size": 7.1,
        "paraphrased": {
            "accuracy": 0.3509473684210526,
            "precision": 0.44655031592130245
        },
        "original": {
            "accuracy": 0.37204387642145514,
            "precision": 0.4315557677993069
        }
    },
    "bloomz-1b7": {
        "size": 1.7,
        "paraphrased": {
            "accuracy": 0.3201052631578947,
            "precision": 0.46495978242549374
        },
        "original": {
            "accuracy": 0.3007950085538895,
            "precision": 0.46032888956991064
        }
    },
    "bloomz-1b1": {
        "size": 1.1,
        "paraphrased": {
            "accuracy": 0.3211578947368421,
            "precision": 0.4688336709403053
        },
        "original": {
            "accuracy": 0.33179027875616385,
            "precision": 0.4594351702002419
        }
    },